shoe_id,filename,is_valid,error_message,width,height,channels,format,file_size_kb,is_duplicate,duplicate_of,file_path
shoe1,WhatsApp Image 2026-10-03 at 10.29.40 PM (1).jpeg,True,,576,1280,3,JPEG,102.87,False,,C:\Users\A\OneDrive\Desktop\shoeprint\photos\shoe1\WhatsApp Image 2026-10-03 at 10.29.40 PM (1).jpeg
shoe1,WhatsApp Image 2026-10-03 at 10.29.40 PM (2).jpeg,True,,576,1280,3,JPEG,62.63,False,,C:\Users\A\OneDrive\Desktop\shoeprint\photos\shoe1\WhatsApp Image 2026-10-03 at 10.29.40 PM (2).jpeg
shoe1,WhatsApp Image 2026-10-03 at 10.29.41 PM.jpeg,True,,576,1280,3,JPEG,79.01,False,,C:\Users\A\OneDrive\Desktop\shoeprint\photos\shoe1\WhatsApp Image 2026-10-03 at 10.29.41 PM.jpeg
shoe1,WhatsApp Image 2026-10-03 at 10.29.42 PM (1).jpeg,True,,576,1280,3,JPEG,75.03,False,,C:\Users\A\OneDrive\Desktop\shoeprint\photos\shoe1\WhatsApp Image 2026-10-03 at 10.29.42 PM (1).jpeg
shoe1,WhatsApp Image 2026-10-03 at 10.29.42 PM (2).jpeg,True,,576,1280,3,JPEG,86.22,False,,C:\Users\A\OneDrive\Desktop\shoeprint\photos\shoe1\WhatsApp Image 2026-10-03 at 10.29.42 PM (2).jpeg
shoe1,WhatsApp Image 2026-10-03 at 10.29.42 PM.jpeg,True,,576,1280,3,JPEG,95.97,False,,C:\Users\A\OneDrive\Desktop\shoeprint\photos\shoe1\WhatsApp Image 2026-10-03 at 10.29.42 PM.jpeg
shoe1,WhatsApp Image 2026-10-03 at 10.29.43 PM (1).jpeg,True,,576,1280,3,JPEG,64.19,False,,C:\Users\A\OneDrive\Desktop\shoeprint\photos\shoe1\WhatsApp Image 2026-10-03 at 10.29.43 PM (1).jpeg
shoe1,WhatsApp Image 2026-10-03 at 10.29.43 PM (2).jpeg,True,,576,1280,3,JPEG,49.78,False,,C:\Users\A\OneDrive\Desktop\shoeprint\photos\shoe1\WhatsApp Image 2026-10-03 at 10.29.43 PM (2).jpeg
shoe1,WhatsApp Image 2026-10-03 at 10.29.43 PM (3).jpeg,True,,576,1280,3,JPEG,68.11,False,,C:\Users\A\OneDrive\Desktop\shoeprint\photos\shoe1\WhatsApp Image 2026-10-03 at 10.29.43 PM (3).jpeg
shoe1,WhatsApp Image 2026-10-03 at 10.29.43 PM.jpeg,True,,576,1280,3,JPEG,97.36,False,,C:\Users\A\OneDrive\Desktop\shoeprint\photos\shoe1\WhatsApp Image 2026-10-03 at 10.29.43 PM.jpeg
shoe1,WhatsApp Image 2026-10-03 at 10.29.44 PM (1).jpeg,True,,576,1280,3,JPEG,106.78,False,,C:\Users\A\OneDrive\Desktop\shoeprint\photos\shoe1\WhatsApp Image 2026-10-03 at 10.29.44 PM (1).jpeg
shoe1,WhatsApp Image 2026-10-03 at 10.29.44 PM (2).jpeg,True,,576,1280,3,JPEG,112.25,False,,C:\Users\A\OneDrive\Desktop\shoeprint\photos\shoe1\WhatsApp Image 2026-10-03 at 10.29.44 PM (2).jpeg
shoe1,WhatsApp Image 2026-10-03 at 10.29.44 PM.jpeg,True,,576,1280,3,JPEG,113.95,False,,C:\Users\A\OneDrive\Desktop\shoeprint\photos\shoe1\WhatsApp Image 2026-10-03 at 10.29.44 PM.jpeg
shoe1,WhatsApp Image 2026-10-03 at 10.29.45 PM (1).jpeg,True,,576,1280,3,JPEG,136.36,False,,C:\Users\A\OneDrive\Desktop\shoeprint\photos\shoe1\WhatsApp Image 2026-10-03 at 10.29.45 PM (1).jpeg
shoe1,WhatsApp Image 2026-10-03 at 10.29.45 PM.jpeg,True,,576,1280,3,JPEG,112.3,False,,C:\Users\A\OneDrive\Desktop\shoeprint\photos\shoe1\WhatsApp Image 2026-10-03 at 10.29.45 PM.jpeg
shoe1,WhatsApp Image 2026-10-03 at 10.29.46 PM (1).jpeg,True,,576,1280,3,JPEG,90.28,False,,C:\Users\A\OneDrive\Desktop\shoeprint\photos\shoe1\WhatsApp Image 2026-10-03 at 10.29.46 PM (1).jpeg
shoe1,WhatsApp Image 2026-10-03 at 10.29.46 PM.jpeg,True,,576,1280,3,JPEG,69.77,False,,C:\Users\A\OneDrive\Desktop\shoeprint\photos\shoe1\WhatsApp Image 2026-10-03 at 10.29.46 PM.jpeg
shoe1,WhatsApp Image 2026-10-03 at 10.29.47 PM.jpeg,True,,576,1280,3,JPEG,80.54,False,,C:\Users\A\OneDrive\Desktop\shoeprint\photos\shoe1\WhatsApp Image 2026-10-03 at 10.29.47 PM.jpeg
shoe1,WhatsApp Image 2026-10-03 at 10.29.48 PM (1).jpeg,True,,576,1280,3,JPEG,76.01,False,,C:\Users\A\OneDrive\Desktop\shoeprint\photos\shoe1\WhatsApp Image 2026-10-03 at 10.29.48 PM (1).jpeg
shoe1,WhatsApp Image 2026-10-03 at 10.29.48 PM.jpeg,True,,576,1280,3,JPEG,67.78,False,,C:\Users\A\OneDrive\Desktop\shoeprint\photos\shoe1\WhatsApp Image 2026-10-03 at 10.29.48 PM.jpeg
shoe1,WhatsApp Image 2026-10-03 at 10.29.49 PM.jpeg,True,,576,1280,3,JPEG,81.29,False,,C:\Users\A\OneDrive\Desktop\shoeprint\photos\shoe1\WhatsApp Image 2026-10-03 at 10.29.49 PM.jpeg
shoe2,WhatsApp Image 2026-10-03 at 10.29.34 PM (2).jpeg,True,,1280,576,3,JPEG,69.25,False,,C:\Users\A\OneDrive\Desktop\shoeprint\photos\shoe2\WhatsApp Image 2026-10-03 at 10.29.34 PM (2).jpeg
shoe2,WhatsApp Image 2026-10-03 at 10.29.35 PM (1).jpeg,True,,1280,576,3,JPEG,79.88,False,,C:\Users\A\OneDrive\Desktop\shoeprint\photos\shoe2\WhatsApp Image 2026-10-03 at 10.29.35 PM (1).jpeg
shoe2,WhatsApp Image 2026-10-03 at 10.29.35 PM (2).jpeg,True,,1280,576,3,JPEG,67.28,False,,C:\Users\A\OneDrive\Desktop\shoeprint\photos\shoe2\WhatsApp Image 2026-10-03 at 10.29.35 PM (2).jpeg
shoe2,WhatsApp Image 2026-10-03 at 10.29.35 PM.jpeg,True,,1280,576,3,JPEG,74.57,False,,C:\Users\A\OneDrive\Desktop\shoeprint\photos\shoe2\WhatsApp Image 2026-10-03 at 10.29.35 PM.jpeg
shoe2,WhatsApp Image 2026-10-03 at 10.29.36 PM (1).jpeg,True,,1280,576,3,JPEG,61.85,False,,C:\Users\A\OneDrive\Desktop\shoeprint\photos\shoe2\WhatsApp Image 2026-10-03 at 10.29.36 PM (1).jpeg
shoe2,WhatsApp Image 2026-10-03 at 10.29.36 PM.jpeg,True,,1280,576,3,JPEG,77.36,False,,C:\Users\A\OneDrive\Desktop\shoeprint\photos\shoe2\WhatsApp Image 2026-10-03 at 10.29.36 PM.jpeg
shoe2,WhatsApp Image 2026-10-03 at 10.29.37 PM (1).jpeg,True,,1280,576,3,JPEG,86.14,False,,C:\Users\A\OneDrive\Desktop\shoeprint\photos\shoe2\WhatsApp Image 2026-10-03 at 10.29.37 PM (1).jpeg
shoe2,WhatsApp Image 2026-10-03 at 10.29.37 PM (2).jpeg,True,,1280,576,3,JPEG,73.62,False,,C:\Users\A\OneDrive\Desktop\shoeprint\photos\shoe2\WhatsApp Image 2026-10-03 at 10.29.37 PM (2).jpeg
shoe2,WhatsApp Image 2026-10-03 at 10.29.37 PM (3).jpeg,True,,1280,576,3,JPEG,51.55,False,,C:\Users\A\OneDrive\Desktop\shoeprint\photos\shoe2\WhatsApp Image 2026-10-03 at 10.29.37 PM (3).jpeg
shoe2,WhatsApp Image 2026-10-03 at 10.29.37 PM.jpeg,True,,1280,576,3,JPEG,63.58,False,,C:\Users\A\OneDrive\Desktop\shoeprint\photos\shoe2\WhatsApp Image 2026-10-03 at 10.29.37 PM.jpeg
shoe2,WhatsApp Image 2026-10-03 at 10.29.38 PM (1).jpeg,True,,1280,576,3,JPEG,108.66,False,,C:\Users\A\OneDrive\Desktop\shoeprint\photos\shoe2\WhatsApp Image 2026-10-03 at 10.29.38 PM (1).jpeg
shoe2,WhatsApp Image 2026-10-03 at 10.29.38 PM (2).jpeg,True,,1280,576,3,JPEG,77.77,False,,C:\Users\A\OneDrive\Desktop\shoeprint\photos\shoe2\WhatsApp Image 2026-10-03 at 10.29.38 PM (2).jpeg
shoe2,WhatsApp Image 2026-10-03 at 10.29.38 PM.jpeg,True,,1280,576,3,JPEG,80.28,False,,C:\Users\A\OneDrive\Desktop\shoeprint\photos\shoe2\WhatsApp Image 2026-10-03 at 10.29.38 PM.jpeg
shoe2,WhatsApp Image 2026-10-03 at 10.29.39 PM (1).jpeg,True,,1280,576,3,JPEG,78.32,False,,C:\Users\A\OneDrive\Desktop\shoeprint\photos\shoe2\WhatsApp Image 2026-10-03 at 10.29.39 PM (1).jpeg
shoe2,WhatsApp Image 2026-10-03 at 10.29.39 PM.jpeg,True,,1280,576,3,JPEG,54.54,False,,C:\Users\A\OneDrive\Desktop\shoeprint\photos\shoe2\WhatsApp Image 2026-10-03 at 10.29.39 PM.jpeg
shoe2,WhatsApp Image 2026-10-03 at 10.29.40 PM.jpeg,True,,1280,576,3,JPEG,59.1,False,,C:\Users\A\OneDrive\Desktop\shoeprint\photos\shoe2\WhatsApp Image 2026-10-03 at 10.29.40 PM.jpeg
shoe3,WhatsApp Image 2026-10-03 at 10.32.15 PM.jpeg,True,,1280,576,3,JPEG,49.67,False,,C:\Users\A\OneDrive\Desktop\shoeprint\photos\shoe3\WhatsApp Image 2026-10-03 at 10.32.15 PM.jpeg
shoe3,WhatsApp Image 2026-10-03 at 10.32.16 PM (1).jpeg,True,,1280,576,3,JPEG,43.97,False,,C:\Users\A\OneDrive\Desktop\shoeprint\photos\shoe3\WhatsApp Image 2026-10-03 at 10.32.16 PM (1).jpeg
shoe3,WhatsApp Image 2026-10-03 at 10.32.16 PM (2).jpeg,True,,1280,576,3,JPEG,40.37,False,,C:\Users\A\OneDrive\Desktop\shoeprint\photos\shoe3\WhatsApp Image 2026-10-03 at 10.32.16 PM (2).jpeg
shoe3,WhatsApp Image 2026-10-03 at 10.32.16 PM.jpeg,True,,1280,576,3,JPEG,40.58,False,,C:\Users\A\OneDrive\Desktop\shoeprint\photos\shoe3\WhatsApp Image 2026-10-03 at 10.32.16 PM.jpeg
shoe3,WhatsApp Image 2026-10-03 at 10.32.17 PM (1).jpeg,True,,1280,576,3,JPEG,38.84,False,,C:\Users\A\OneDrive\Desktop\shoeprint\photos\shoe3\WhatsApp Image 2026-10-03 at 10.32.17 PM (1).jpeg
shoe3,WhatsApp Image 2026-10-03 at 10.32.17 PM.jpeg,True,,1280,576,3,JPEG,37.69,False,,C:\Users\A\OneDrive\Desktop\shoeprint\photos\shoe3\WhatsApp Image 2026-10-03 at 10.32.17 PM.jpeg
shoe3,WhatsApp Image 2026-10-03 at 10.32.18 PM.jpeg,True,,1280,576,3,JPEG,41.51,False,,C:\Users\A\OneDrive\Desktop\shoeprint\photos\shoe3\WhatsApp Image 2026-10-03 at 10.32.18 PM.jpeg
shoe3,WhatsApp Image 2026-10-03 at 10.32.19 PM (1).jpeg,True,,1280,576,3,JPEG,70.81,False,,C:\Users\A\OneDrive\Desktop\shoeprint\photos\shoe3\WhatsApp Image 2026-10-03 at 10.32.19 PM (1).jpeg
shoe3,WhatsApp Image 2026-10-03 at 10.32.19 PM.jpeg,True,,1280,576,3,JPEG,35.48,False,,C:\Users\A\OneDrive\Desktop\shoeprint\photos\shoe3\WhatsApp Image 2026-10-03 at 10.32.19 PM.jpeg
shoe3,WhatsApp Image 2026-10-03 at 10.32.20 PM (1).jpeg,True,,1280,576,3,JPEG,55.17,False,,C:\Users\A\OneDrive\Desktop\shoeprint\photos\shoe3\WhatsApp Image 2026-10-03 at 10.32.20 PM (1).jpeg
shoe3,WhatsApp Image 2026-10-03 at 10.32.20 PM.jpeg,True,,1280,576,3,JPEG,51.25,False,,C:\Users\A\OneDrive\Desktop\shoeprint\photos\shoe3\WhatsApp Image 2026-10-03 at 10.32.20 PM.jpeg
shoe3,WhatsApp Image 2026-10-03 at 10.32.21 PM (1).jpeg,True,,1280,576,3,JPEG,54.6,False,,C:\Users\A\OneDrive\Desktop\shoeprint\photos\shoe3\WhatsApp Image 2026-10-03 at 10.32.21 PM (1).jpeg
shoe3,WhatsApp Image 2026-10-03 at 10.32.21 PM (2).jpeg,True,,1280,576,3,JPEG,59.03,False,,C:\Users\A\OneDrive\Desktop\shoeprint\photos\shoe3\WhatsApp Image 2026-10-03 at 10.32.21 PM (2).jpeg
shoe3,WhatsApp Image 2026-10-03 at 10.32.21 PM.jpeg,True,,1280,576,3,JPEG,57.43,False,,C:\Users\A\OneDrive\Desktop\shoeprint\photos\shoe3\WhatsApp Image 2026-10-03 at 10.32.21 PM.jpeg
shoe3,WhatsApp Image 2026-10-03 at 10.32.22 PM (1).jpeg,True,,1280,576,3,JPEG,40.71,False,,C:\Users\A\OneDrive\Desktop\shoeprint\photos\shoe3\WhatsApp Image 2026-10-03 at 10.32.22 PM (1).jpeg
shoe3,WhatsApp Image 2026-10-03 at 10.32.22 PM.jpeg,True,,1280,576,3,JPEG,58.45,False,,C:\Users\A\OneDrive\Desktop\shoeprint\photos\shoe3\WhatsApp Image 2026-10-03 at 10.32.22 PM.jpeg
shoe3,WhatsApp Image 2026-10-03 at 10.32.23 PM (1).jpeg,True,,1280,576,3,JPEG,42.28,False,,C:\Users\A\OneDrive\Desktop\shoeprint\photos\shoe3\WhatsApp Image 2026-10-03 at 10.32.23 PM (1).jpeg
shoe3,WhatsApp Image 2026-10-03 at 10.32.23 PM.jpeg,True,,1280,576,3,JPEG,38.58,False,,C:\Users\A\OneDrive\Desktop\shoeprint\photos\shoe3\WhatsApp Image 2026-10-03 at 10.32.23 PM.jpeg
shoe3,WhatsApp Image 2026-10-03 at 10.32.24 PM (1).jpeg,True,,1280,576,3,JPEG,56.36,False,,C:\Users\A\OneDrive\Desktop\shoeprint\photos\shoe3\WhatsApp Image 2026-10-03 at 10.32.24 PM (1).jpeg
shoe3,WhatsApp Image 2026-10-03 at 10.32.24 PM.jpeg,True,,1280,576,3,JPEG,55.42,False,,C:\Users\A\OneDrive\Desktop\shoeprint\photos\shoe3\WhatsApp Image 2026-10-03 at 10.32.24 PM.jpeg
shoe3,WhatsApp Image 2026-10-03 at 10.32.25 PM (1).jpeg,True,,1280,576,3,JPEG,55.02,False,,C:\Users\A\OneDrive\Desktop\shoeprint\photos\shoe3\WhatsApp Image 2026-10-03 at 10.32.25 PM (1).jpeg
shoe3,WhatsApp Image 2026-10-03 at 10.32.25 PM.jpeg,True,,1280,576,3,JPEG,50.42,False,,C:\Users\A\OneDrive\Desktop\shoeprint\photos\shoe3\WhatsApp Image 2026-10-03 at 10.32.25 PM.jpeg
shoe3,WhatsApp Image 2026-10-03 at 10.32.26 PM (1).jpeg,True,,1280,576,3,JPEG,38.37,False,,C:\Users\A\OneDrive\Desktop\shoeprint\photos\shoe3\WhatsApp Image 2026-10-03 at 10.32.26 PM (1).jpeg
shoe3,WhatsApp Image 2026-10-03 at 10.32.26 PM.jpeg,True,,1280,576,3,JPEG,45.87,False,,C:\Users\A\OneDrive\Desktop\shoeprint\photos\shoe3\WhatsApp Image 2026-10-03 at 10.32.26 PM.jpeg
shoe3,WhatsApp Image 2026-10-03 at 10.32.27 PM (1).jpeg,True,,1280,576,3,JPEG,42.3,False,,C:\Users\A\OneDrive\Desktop\shoeprint\photos\shoe3\WhatsApp Image 2026-10-03 at 10.32.27 PM (1).jpeg
shoe3,WhatsApp Image 2026-10-03 at 10.32.27 PM (2).jpeg,True,,1280,576,3,JPEG,73.91,False,,C:\Users\A\OneDrive\Desktop\shoeprint\photos\shoe3\WhatsApp Image 2026-10-03 at 10.32.27 PM (2).jpeg
shoe3,WhatsApp Image 2026-10-03 at 10.32.27 PM.jpeg,True,,1280,576,3,JPEG,32.12,False,,C:\Users\A\OneDrive\Desktop\shoeprint\photos\shoe3\WhatsApp Image 2026-10-03 at 10.32.27 PM.jpeg
shoe3,WhatsApp Image 2026-10-03 at 10.32.28 PM (1).jpeg,True,,1280,576,3,JPEG,41.99,False,,C:\Users\A\OneDrive\Desktop\shoeprint\photos\shoe3\WhatsApp Image 2026-10-03 at 10.32.28 PM (1).jpeg
shoe3,WhatsApp Image 2026-10-03 at 10.32.28 PM.jpeg,True,,1280,576,3,JPEG,51.67,False,,C:\Users\A\OneDrive\Desktop\shoeprint\photos\shoe3\WhatsApp Image 2026-10-03 at 10.32.28 PM.jpeg
shoe3,WhatsApp Image 2026-10-03 at 10.32.29 PM (1).jpeg,True,,576,1280,3,JPEG,52.89,False,,C:\Users\A\OneDrive\Desktop\shoeprint\photos\shoe3\WhatsApp Image 2026-10-03 at 10.32.29 PM (1).jpeg
shoe3,WhatsApp Image 2026-10-03 at 10.32.29 PM.jpeg,True,,1280,576,3,JPEG,60.5,False,,C:\Users\A\OneDrive\Desktop\shoeprint\photos\shoe3\WhatsApp Image 2026-10-03 at 10.32.29 PM.jpeg
shoe4,WhatsApp Image 2026-10-03 at 10.29.49 PM (1).jpeg,True,,576,1280,3,JPEG,53.54,False,,C:\Users\A\OneDrive\Desktop\shoeprint\photos\shoe4\WhatsApp Image 2026-10-03 at 10.29.49 PM (1).jpeg
shoe4,WhatsApp Image 2026-10-03 at 10.29.50 PM (1).jpeg,True,,576,1280,3,JPEG,44.37,False,,C:\Users\A\OneDrive\Desktop\shoeprint\photos\shoe4\WhatsApp Image 2026-10-03 at 10.29.50 PM (1).jpeg
shoe4,WhatsApp Image 2026-10-03 at 10.29.50 PM (2).jpeg,True,,576,1280,3,JPEG,45.35,False,,C:\Users\A\OneDrive\Desktop\shoeprint\photos\shoe4\WhatsApp Image 2026-10-03 at 10.29.50 PM (2).jpeg
shoe4,WhatsApp Image 2026-10-03 at 10.29.50 PM.jpeg,True,,576,1280,3,JPEG,53.23,False,,C:\Users\A\OneDrive\Desktop\shoeprint\photos\shoe4\WhatsApp Image 2026-10-03 at 10.29.50 PM.jpeg
shoe4,WhatsApp Image 2026-10-03 at 10.32.05 PM (1).jpeg,True,,576,1280,3,JPEG,38.46,False,,C:\Users\A\OneDrive\Desktop\shoeprint\photos\shoe4\WhatsApp Image 2026-10-03 at 10.32.05 PM (1).jpeg
shoe4,WhatsApp Image 2026-10-03 at 10.32.05 PM.jpeg,True,,576,1280,3,JPEG,45.35,True,WhatsApp Image 2026-10-03 at 10.29.50 PM (2).jpeg,C:\Users\A\OneDrive\Desktop\shoeprint\photos\shoe4\WhatsApp Image 2026-10-03 at 10.32.05 PM.jpeg
shoe4,WhatsApp Image 2026-10-03 at 10.32.06 PM (1).jpeg,True,,576,1280,3,JPEG,48.7,False,,C:\Users\A\OneDrive\Desktop\shoeprint\photos\shoe4\WhatsApp Image 2026-10-03 at 10.32.06 PM (1).jpeg
shoe4,WhatsApp Image 2026-10-03 at 10.32.06 PM (2).jpeg,True,,576,1280,3,JPEG,36.24,False,,C:\Users\A\OneDrive\Desktop\shoeprint\photos\shoe4\WhatsApp Image 2026-10-03 at 10.32.06 PM (2).jpeg
shoe4,WhatsApp Image 2026-10-03 at 10.32.06 PM.jpeg,True,,576,1280,3,JPEG,30.8,False,,C:\Users\A\OneDrive\Desktop\shoeprint\photos\shoe4\WhatsApp Image 2026-10-03 at 10.32.06 PM.jpeg
shoe4,WhatsApp Image 2026-10-03 at 10.32.07 PM (1).jpeg,True,,576,1280,3,JPEG,59.43,False,,C:\Users\A\OneDrive\Desktop\shoeprint\photos\shoe4\WhatsApp Image 2026-10-03 at 10.32.07 PM (1).jpeg
shoe4,WhatsApp Image 2026-10-03 at 10.32.07 PM (2).jpeg,True,,576,1280,3,JPEG,50.2,False,,C:\Users\A\OneDrive\Desktop\shoeprint\photos\shoe4\WhatsApp Image 2026-10-03 at 10.32.07 PM (2).jpeg
shoe4,WhatsApp Image 2026-10-03 at 10.32.07 PM.jpeg,True,,576,1280,3,JPEG,31.73,False,,C:\Users\A\OneDrive\Desktop\shoeprint\photos\shoe4\WhatsApp Image 2026-10-03 at 10.32.07 PM.jpeg
shoe4,WhatsApp Image 2026-10-03 at 10.32.08 PM (1).jpeg,True,,576,1280,3,JPEG,37.99,False,,C:\Users\A\OneDrive\Desktop\shoeprint\photos\shoe4\WhatsApp Image 2026-10-03 at 10.32.08 PM (1).jpeg
shoe4,WhatsApp Image 2026-10-03 at 10.32.08 PM (2).jpeg,True,,576,1280,3,JPEG,43.85,False,,C:\Users\A\OneDrive\Desktop\shoeprint\photos\shoe4\WhatsApp Image 2026-10-03 at 10.32.08 PM (2).jpeg
shoe4,WhatsApp Image 2026-10-03 at 10.32.08 PM.jpeg,True,,576,1280,3,JPEG,42.18,False,,C:\Users\A\OneDrive\Desktop\shoeprint\photos\shoe4\WhatsApp Image 2026-10-03 at 10.32.08 PM.jpeg
shoe4,WhatsApp Image 2026-10-03 at 10.32.09 PM (1).jpeg,True,,576,1280,3,JPEG,46.03,False,,C:\Users\A\OneDrive\Desktop\shoeprint\photos\shoe4\WhatsApp Image 2026-10-03 at 10.32.09 PM (1).jpeg
shoe4,WhatsApp Image 2026-10-03 at 10.32.09 PM (2).jpeg,True,,576,1280,3,JPEG,42.98,False,,C:\Users\A\OneDrive\Desktop\shoeprint\photos\shoe4\WhatsApp Image 2026-10-03 at 10.32.09 PM (2).jpeg
shoe4,WhatsApp Image 2026-10-03 at 10.32.09 PM.jpeg,True,,576,1280,3,JPEG,46.36,False,,C:\Users\A\OneDrive\Desktop\shoeprint\photos\shoe4\WhatsApp Image 2026-10-03 at 10.32.09 PM.jpeg
shoe4,WhatsApp Image 2026-10-03 at 10.32.10 PM (1).jpeg,True,,576,1280,3,JPEG,99.2,False,,C:\Users\A\OneDrive\Desktop\shoeprint\photos\shoe4\WhatsApp Image 2026-10-03 at 10.32.10 PM (1).jpeg
shoe4,WhatsApp Image 2026-10-03 at 10.32.10 PM (2).jpeg,True,,576,1280,3,JPEG,85.27,False,,C:\Users\A\OneDrive\Desktop\shoeprint\photos\shoe4\WhatsApp Image 2026-10-03 at 10.32.10 PM (2).jpeg
shoe4,WhatsApp Image 2026-10-03 at 10.32.10 PM (3).jpeg,True,,576,1280,3,JPEG,52.01,False,,C:\Users\A\OneDrive\Desktop\shoeprint\photos\shoe4\WhatsApp Image 2026-10-03 at 10.32.10 PM (3).jpeg
shoe4,WhatsApp Image 2026-10-03 at 10.32.10 PM.jpeg,True,,576,1280,3,JPEG,62.74,False,,C:\Users\A\OneDrive\Desktop\shoeprint\photos\shoe4\WhatsApp Image 2026-10-03 at 10.32.10 PM.jpeg
shoe4,WhatsApp Image 2026-10-03 at 10.32.11 PM.jpeg,True,,576,1280,3,JPEG,50.21,False,,C:\Users\A\OneDrive\Desktop\shoeprint\photos\shoe4\WhatsApp Image 2026-10-03 at 10.32.11 PM.jpeg
shoe4,WhatsApp Image 2026-10-03 at 10.32.12 PM.jpeg,True,,576,1280,3,JPEG,58.89,False,,C:\Users\A\OneDrive\Desktop\shoeprint\photos\shoe4\WhatsApp Image 2026-10-03 at 10.32.12 PM.jpeg
shoe4,WhatsApp Image 2026-10-03 at 10.32.13 PM (1).jpeg,True,,576,1280,3,JPEG,52.49,False,,C:\Users\A\OneDrive\Desktop\shoeprint\photos\shoe4\WhatsApp Image 2026-10-03 at 10.32.13 PM (1).jpeg
shoe4,WhatsApp Image 2026-10-03 at 10.32.13 PM.jpeg,True,,576,1280,3,JPEG,54.72,False,,C:\Users\A\OneDrive\Desktop\shoeprint\photos\shoe4\WhatsApp Image 2026-10-03 at 10.32.13 PM.jpeg
shoe4,WhatsApp Image 2026-10-03 at 10.32.14 PM.jpeg,True,,576,1280,3,JPEG,61.52,False,,C:\Users\A\OneDrive\Desktop\shoeprint\photos\shoe4\WhatsApp Image 2026-10-03 at 10.32.14 PM.jpeg
shoe5,WhatsApp Image 2026-10-03 at 10.29.27 PM (1).jpeg,True,,576,1280,3,JPEG,24.77,False,,C:\Users\A\OneDrive\Desktop\shoeprint\photos\shoe5\WhatsApp Image 2026-10-03 at 10.29.27 PM (1).jpeg
shoe5,WhatsApp Image 2026-10-03 at 10.29.27 PM (2).jpeg,True,,576,1280,3,JPEG,35.73,False,,C:\Users\A\OneDrive\Desktop\shoeprint\photos\shoe5\WhatsApp Image 2026-10-03 at 10.29.27 PM (2).jpeg
shoe5,WhatsApp Image 2026-10-03 at 10.29.27 PM (3).jpeg,True,,576,1280,3,JPEG,56.76,False,,C:\Users\A\OneDrive\Desktop\shoeprint\photos\shoe5\WhatsApp Image 2026-10-03 at 10.29.27 PM (3).jpeg
shoe5,WhatsApp Image 2026-10-03 at 10.29.28 PM (1).jpeg,True,,576,1280,3,JPEG,62.88,False,,C:\Users\A\OneDrive\Desktop\shoeprint\photos\shoe5\WhatsApp Image 2026-10-03 at 10.29.28 PM (1).jpeg
shoe5,WhatsApp Image 2026-10-03 at 10.29.28 PM.jpeg,True,,576,1280,3,JPEG,26.18,False,,C:\Users\A\OneDrive\Desktop\shoeprint\photos\shoe5\WhatsApp Image 2026-10-03 at 10.29.28 PM.jpeg
shoe5,WhatsApp Image 2026-10-03 at 10.29.29 PM (1).jpeg,True,,576,1280,3,JPEG,99.23,False,,C:\Users\A\OneDrive\Desktop\shoeprint\photos\shoe5\WhatsApp Image 2026-10-03 at 10.29.29 PM (1).jpeg
shoe5,WhatsApp Image 2026-10-03 at 10.29.29 PM.jpeg,True,,576,1280,3,JPEG,104.63,False,,C:\Users\A\OneDrive\Desktop\shoeprint\photos\shoe5\WhatsApp Image 2026-10-03 at 10.29.29 PM.jpeg
shoe5,WhatsApp Image 2026-10-03 at 10.29.30 PM (1).jpeg,True,,576,1280,3,JPEG,74.71,False,,C:\Users\A\OneDrive\Desktop\shoeprint\photos\shoe5\WhatsApp Image 2026-10-03 at 10.29.30 PM (1).jpeg
shoe5,WhatsApp Image 2026-10-03 at 10.29.30 PM (2).jpeg,True,,576,1280,3,JPEG,60.04,False,,C:\Users\A\OneDrive\Desktop\shoeprint\photos\shoe5\WhatsApp Image 2026-10-03 at 10.29.30 PM (2).jpeg
shoe5,WhatsApp Image 2026-10-03 at 10.29.30 PM.jpeg,True,,576,1280,3,JPEG,53.26,False,,C:\Users\A\OneDrive\Desktop\shoeprint\photos\shoe5\WhatsApp Image 2026-10-03 at 10.29.30 PM.jpeg
shoe5,WhatsApp Image 2026-10-03 at 10.29.31 PM (1).jpeg,True,,1280,576,3,JPEG,39.53,False,,C:\Users\A\OneDrive\Desktop\shoeprint\photos\shoe5\WhatsApp Image 2026-10-03 at 10.29.31 PM (1).jpeg
shoe5,WhatsApp Image 2026-10-03 at 10.29.31 PM (2).jpeg,True,,1280,576,3,JPEG,61.0,False,,C:\Users\A\OneDrive\Desktop\shoeprint\photos\shoe5\WhatsApp Image 2026-10-03 at 10.29.31 PM (2).jpeg
shoe5,WhatsApp Image 2026-10-03 at 10.29.31 PM (3).jpeg,True,,1280,576,3,JPEG,76.89,False,,C:\Users\A\OneDrive\Desktop\shoeprint\photos\shoe5\WhatsApp Image 2026-10-03 at 10.29.31 PM (3).jpeg
shoe5,WhatsApp Image 2026-10-03 at 10.29.31 PM.jpeg,True,,1280,576,3,JPEG,26.46,False,,C:\Users\A\OneDrive\Desktop\shoeprint\photos\shoe5\WhatsApp Image 2026-10-03 at 10.29.31 PM.jpeg
shoe5,WhatsApp Image 2026-10-03 at 10.29.32 PM (1).jpeg,True,,1280,576,3,JPEG,60.47,False,,C:\Users\A\OneDrive\Desktop\shoeprint\photos\shoe5\WhatsApp Image 2026-10-03 at 10.29.32 PM (1).jpeg
shoe5,WhatsApp Image 2026-10-03 at 10.29.32 PM (2).jpeg,True,,576,1280,3,JPEG,74.71,False,,C:\Users\A\OneDrive\Desktop\shoeprint\photos\shoe5\WhatsApp Image 2026-10-03 at 10.29.32 PM (2).jpeg
shoe5,WhatsApp Image 2026-10-03 at 10.29.32 PM.jpeg,True,,1280,576,3,JPEG,70.56,False,,C:\Users\A\OneDrive\Desktop\shoeprint\photos\shoe5\WhatsApp Image 2026-10-03 at 10.29.32 PM.jpeg
shoe5,WhatsApp Image 2026-10-03 at 10.29.33 PM (1).jpeg,True,,576,1280,3,JPEG,66.16,False,,C:\Users\A\OneDrive\Desktop\shoeprint\photos\shoe5\WhatsApp Image 2026-10-03 at 10.29.33 PM (1).jpeg
shoe5,WhatsApp Image 2026-10-03 at 10.29.33 PM.jpeg,True,,576,1280,3,JPEG,37.21,False,,C:\Users\A\OneDrive\Desktop\shoeprint\photos\shoe5\WhatsApp Image 2026-10-03 at 10.29.33 PM.jpeg
shoe5,WhatsApp Image 2026-10-03 at 10.29.34 PM (1).jpeg,True,,1280,576,3,JPEG,56.39,False,,C:\Users\A\OneDrive\Desktop\shoeprint\photos\shoe5\WhatsApp Image 2026-10-03 at 10.29.34 PM (1).jpeg
shoe5,WhatsApp Image 2026-10-03 at 10.29.34 PM (3).jpeg,True,,1280,576,3,JPEG,62.39,False,,C:\Users\A\OneDrive\Desktop\shoeprint\photos\shoe5\WhatsApp Image 2026-10-03 at 10.29.34 PM (3).jpeg
shoe5,WhatsApp Image 2026-10-03 at 10.29.34 PM.jpeg,True,,576,1280,3,JPEG,70.97,False,,C:\Users\A\OneDrive\Desktop\shoeprint\photos\shoe5\WhatsApp Image 2026-10-03 at 10.29.34 PM.jpeg
shoe6,WhatsApp Image 2026-10-03 at 10.29.16 PM (1).jpeg,True,,576,1280,3,JPEG,64.98,False,,C:\Users\A\OneDrive\Desktop\shoeprint\photos\shoe6\WhatsApp Image 2026-10-03 at 10.29.16 PM (1).jpeg
shoe6,WhatsApp Image 2026-10-03 at 10.29.16 PM.jpeg,True,,576,1280,3,JPEG,65.14,False,,C:\Users\A\OneDrive\Desktop\shoeprint\photos\shoe6\WhatsApp Image 2026-10-03 at 10.29.16 PM.jpeg
shoe6,WhatsApp Image 2026-10-03 at 10.29.17 PM.jpeg,True,,576,1280,3,JPEG,57.25,False,,C:\Users\A\OneDrive\Desktop\shoeprint\photos\shoe6\WhatsApp Image 2026-10-03 at 10.29.17 PM.jpeg
shoe6,WhatsApp Image 2026-10-03 at 10.29.18 PM (1).jpeg,True,,576,1280,3,JPEG,32.19,False,,C:\Users\A\OneDrive\Desktop\shoeprint\photos\shoe6\WhatsApp Image 2026-10-03 at 10.29.18 PM (1).jpeg
shoe6,WhatsApp Image 2026-10-03 at 10.29.18 PM.jpeg,True,,576,1280,3,JPEG,60.02,False,,C:\Users\A\OneDrive\Desktop\shoeprint\photos\shoe6\WhatsApp Image 2026-10-03 at 10.29.18 PM.jpeg
shoe6,WhatsApp Image 2026-10-03 at 10.29.19 PM.jpeg,True,,576,1280,3,JPEG,52.26,False,,C:\Users\A\OneDrive\Desktop\shoeprint\photos\shoe6\WhatsApp Image 2026-10-03 at 10.29.19 PM.jpeg
shoe6,WhatsApp Image 2026-10-03 at 10.29.20 PM (1).jpeg,True,,576,1280,3,JPEG,45.8,False,,C:\Users\A\OneDrive\Desktop\shoeprint\photos\shoe6\WhatsApp Image 2026-10-03 at 10.29.20 PM (1).jpeg
shoe6,WhatsApp Image 2026-10-03 at 10.29.20 PM.jpeg,True,,576,1280,3,JPEG,47.5,False,,C:\Users\A\OneDrive\Desktop\shoeprint\photos\shoe6\WhatsApp Image 2026-10-03 at 10.29.20 PM.jpeg
shoe6,WhatsApp Image 2026-10-03 at 10.29.21 PM.jpeg,True,,576,1280,3,JPEG,50.3,False,,C:\Users\A\OneDrive\Desktop\shoeprint\photos\shoe6\WhatsApp Image 2026-10-03 at 10.29.21 PM.jpeg
shoe6,WhatsApp Image 2026-10-03 at 10.29.22 PM (1).jpeg,True,,576,1280,3,JPEG,36.49,False,,C:\Users\A\OneDrive\Desktop\shoeprint\photos\shoe6\WhatsApp Image 2026-10-03 at 10.29.22 PM (1).jpeg
shoe6,WhatsApp Image 2026-10-03 at 10.29.22 PM.jpeg,True,,576,1280,3,JPEG,47.14,False,,C:\Users\A\OneDrive\Desktop\shoeprint\photos\shoe6\WhatsApp Image 2026-10-03 at 10.29.22 PM.jpeg
shoe6,WhatsApp Image 2026-10-03 at 10.29.23 PM (1).jpeg,True,,576,1280,3,JPEG,50.7,False,,C:\Users\A\OneDrive\Desktop\shoeprint\photos\shoe6\WhatsApp Image 2026-10-03 at 10.29.23 PM (1).jpeg
shoe6,WhatsApp Image 2026-10-03 at 10.29.23 PM.jpeg,True,,576,1280,3,JPEG,49.22,False,,C:\Users\A\OneDrive\Desktop\shoeprint\photos\shoe6\WhatsApp Image 2026-10-03 at 10.29.23 PM.jpeg
shoe6,WhatsApp Image 2026-10-03 at 10.29.24 PM (1).jpeg,True,,576,1280,3,JPEG,59.34,False,,C:\Users\A\OneDrive\Desktop\shoeprint\photos\shoe6\WhatsApp Image 2026-10-03 at 10.29.24 PM (1).jpeg
shoe6,WhatsApp Image 2026-10-03 at 10.29.24 PM (2).jpeg,True,,576,1280,3,JPEG,32.53,False,,C:\Users\A\OneDrive\Desktop\shoeprint\photos\shoe6\WhatsApp Image 2026-10-03 at 10.29.24 PM (2).jpeg
shoe6,WhatsApp Image 2026-10-03 at 10.29.24 PM.jpeg,True,,576,1280,3,JPEG,56.29,False,,C:\Users\A\OneDrive\Desktop\shoeprint\photos\shoe6\WhatsApp Image 2026-10-03 at 10.29.24 PM.jpeg
shoe6,WhatsApp Image 2026-10-03 at 10.29.25 PM (1).jpeg,True,,576,1280,3,JPEG,68.46,False,,C:\Users\A\OneDrive\Desktop\shoeprint\photos\shoe6\WhatsApp Image 2026-10-03 at 10.29.25 PM (1).jpeg
shoe6,WhatsApp Image 2026-10-03 at 10.29.25 PM.jpeg,True,,576,1280,3,JPEG,72.65,False,,C:\Users\A\OneDrive\Desktop\shoeprint\photos\shoe6\WhatsApp Image 2026-10-03 at 10.29.25 PM.jpeg
shoe6,WhatsApp Image 2026-10-03 at 10.29.26 PM.jpeg,True,,576,1280,3,JPEG,75.09,False,,C:\Users\A\OneDrive\Desktop\shoeprint\photos\shoe6\WhatsApp Image 2026-10-03 at 10.29.26 PM.jpeg
shoe6,WhatsApp Image 2026-10-03 at 10.29.27 PM.jpeg,True,,576,1280,3,JPEG,57.04,False,,C:\Users\A\OneDrive\Desktop\shoeprint\photos\shoe6\WhatsApp Image 2026-10-03 at 10.29.27 PM.jpeg
shoe7,WhatsApp Image 2026-10-03 at 10.29.10 PM (1).jpeg,True,,576,1280,3,JPEG,71.04,False,,C:\Users\A\OneDrive\Desktop\shoeprint\photos\shoe7\WhatsApp Image 2026-10-03 at 10.29.10 PM (1).jpeg
shoe7,WhatsApp Image 2026-10-03 at 10.29.10 PM.jpeg,True,,576,1280,3,JPEG,91.8,False,,C:\Users\A\OneDrive\Desktop\shoeprint\photos\shoe7\WhatsApp Image 2026-10-03 at 10.29.10 PM.jpeg
shoe7,WhatsApp Image 2026-10-03 at 10.29.11 PM (1).jpeg,True,,576,1280,3,JPEG,55.54,False,,C:\Users\A\OneDrive\Desktop\shoeprint\photos\shoe7\WhatsApp Image 2026-10-03 at 10.29.11 PM (1).jpeg
shoe7,WhatsApp Image 2026-10-03 at 10.29.11 PM (2).jpeg,True,,576,1280,3,JPEG,72.38,False,,C:\Users\A\OneDrive\Desktop\shoeprint\photos\shoe7\WhatsApp Image 2026-10-03 at 10.29.11 PM (2).jpeg
shoe7,WhatsApp Image 2026-10-03 at 10.29.11 PM.jpeg,True,,576,1280,3,JPEG,70.92,False,,C:\Users\A\OneDrive\Desktop\shoeprint\photos\shoe7\WhatsApp Image 2026-10-03 at 10.29.11 PM.jpeg
shoe7,WhatsApp Image 2026-10-03 at 10.29.12 PM (1).jpeg,True,,576,1280,3,JPEG,70.66,False,,C:\Users\A\OneDrive\Desktop\shoeprint\photos\shoe7\WhatsApp Image 2026-10-03 at 10.29.12 PM (1).jpeg
shoe7,WhatsApp Image 2026-10-03 at 10.29.12 PM (2).jpeg,True,,576,1280,3,JPEG,94.72,False,,C:\Users\A\OneDrive\Desktop\shoeprint\photos\shoe7\WhatsApp Image 2026-10-03 at 10.29.12 PM (2).jpeg
shoe7,WhatsApp Image 2026-10-03 at 10.29.12 PM (3).jpeg,True,,576,1280,3,JPEG,74.35,False,,C:\Users\A\OneDrive\Desktop\shoeprint\photos\shoe7\WhatsApp Image 2026-10-03 at 10.29.12 PM (3).jpeg
shoe7,WhatsApp Image 2026-10-03 at 10.29.12 PM.jpeg,True,,576,1280,3,JPEG,85.17,False,,C:\Users\A\OneDrive\Desktop\shoeprint\photos\shoe7\WhatsApp Image 2026-10-03 at 10.29.12 PM.jpeg
shoe7,WhatsApp Image 2026-10-03 at 10.29.13 PM (1).jpeg,True,,576,1280,3,JPEG,142.69,False,,C:\Users\A\OneDrive\Desktop\shoeprint\photos\shoe7\WhatsApp Image 2026-10-03 at 10.29.13 PM (1).jpeg
shoe7,WhatsApp Image 2026-10-03 at 10.29.13 PM (2).jpeg,True,,576,1280,3,JPEG,116.33,False,,C:\Users\A\OneDrive\Desktop\shoeprint\photos\shoe7\WhatsApp Image 2026-10-03 at 10.29.13 PM (2).jpeg
shoe7,WhatsApp Image 2026-10-03 at 10.29.13 PM.jpeg,True,,576,1280,3,JPEG,59.22,False,,C:\Users\A\OneDrive\Desktop\shoeprint\photos\shoe7\WhatsApp Image 2026-10-03 at 10.29.13 PM.jpeg
shoe7,WhatsApp Image 2026-10-03 at 10.29.14 PM (1).jpeg,True,,576,1280,3,JPEG,34.44,False,,C:\Users\A\OneDrive\Desktop\shoeprint\photos\shoe7\WhatsApp Image 2026-10-03 at 10.29.14 PM (1).jpeg
shoe7,WhatsApp Image 2026-10-03 at 10.29.14 PM (2).jpeg,True,,576,1280,3,JPEG,100.65,False,,C:\Users\A\OneDrive\Desktop\shoeprint\photos\shoe7\WhatsApp Image 2026-10-03 at 10.29.14 PM (2).jpeg
shoe7,WhatsApp Image 2026-10-03 at 10.29.14 PM.jpeg,True,,576,1280,3,JPEG,64.0,False,,C:\Users\A\OneDrive\Desktop\shoeprint\photos\shoe7\WhatsApp Image 2026-10-03 at 10.29.14 PM.jpeg
shoe7,WhatsApp Image 2026-10-03 at 10.29.15 PM (1).jpeg,True,,576,1280,3,JPEG,66.2,False,,C:\Users\A\OneDrive\Desktop\shoeprint\photos\shoe7\WhatsApp Image 2026-10-03 at 10.29.15 PM (1).jpeg
shoe7,WhatsApp Image 2026-10-03 at 10.29.15 PM.jpeg,True,,576,1280,3,JPEG,98.03,False,,C:\Users\A\OneDrive\Desktop\shoeprint\photos\shoe7\WhatsApp Image 2026-10-03 at 10.29.15 PM.jpeg
